dbms,schema_config,query_id,framework,overhead_pct,log_ratio,n_blocks
MySQL,indexed,Q01,django,0.01,0.0001,8
MySQL,indexed,Q01,sqlalchemy,-0.11,-0.0011,8
MySQL,indexed,Q02,django,1.8,0.0179,8
MySQL,indexed,Q02,sqlalchemy,1.49,0.0148,8
MySQL,indexed,Q03,django,0.1,0.001,8
MySQL,indexed,Q03,sqlalchemy,-0.1,-0.001,8
MySQL,indexed,Q04,django,0.13,0.0013,8
MySQL,indexed,Q04,sqlalchemy,0.05,0.0005,8
MySQL,indexed,Q05,django,0.3,0.003,8
MySQL,indexed,Q05,sqlalchemy,-0.04,-0.0004,8
MySQL,indexed,Q06,django,17.28,0.1594,8
MySQL,indexed,Q06,sqlalchemy,1.52,0.0151,8
MySQL,indexed,Q07,django,-5.43,-0.0559,8
MySQL,indexed,Q07,sqlalchemy,0.36,0.0036,8
MySQL,indexed,Q08,django,0.21,0.002,8
MySQL,indexed,Q08,sqlalchemy,0.51,0.0051,8
MySQL,indexed,Q09,django,13.56,0.1272,8
MySQL,indexed,Q09,sqlalchemy,-0.82,-0.0083,8
MySQL,indexed,Q10,django,-24.41,-0.2798,8
MySQL,indexed,Q10,sqlalchemy,0.27,0.0027,8
MySQL,indexed,Q11,django,1.09,0.0108,8
MySQL,indexed,Q11,sqlalchemy,1.34,0.0133,8
MySQL,indexed,Q12,django,-7.54,-0.0784,8
MySQL,indexed,Q12,sqlalchemy,0.5,0.005,8
MySQL,indexed,Q13,django,3.47,0.0342,8
MySQL,indexed,Q13,sqlalchemy,-0.1,-0.001,8
MySQL,indexed,Q14,django,1.13,0.0113,8
MySQL,indexed,Q14,sqlalchemy,0.19,0.0019,8
MySQL,indexed,Q15,django,109.5,0.7395,8
MySQL,indexed,Q15,sqlalchemy,0.14,0.0014,8
MySQL,indexed,Q16,django,0.98,0.0098,8
MySQL,indexed,Q16,sqlalchemy,2.66,0.0263,8
MySQL,indexed,Q17,django,0.92,0.0091,8
MySQL,indexed,Q17,sqlalchemy,0.25,0.0025,8
MySQL,indexed,Q18,django,-0.21,-0.0021,8
MySQL,indexed,Q18,sqlalchemy,-0.08,-0.0008,8
MySQL,indexed,Q19,django,1.38,0.0137,8
MySQL,indexed,Q19,sqlalchemy,0.44,0.0044,8
MySQL,indexed,Q20,django,2.75,0.0272,8
MySQL,indexed,Q20,sqlalchemy,0.12,0.0012,8
MySQL,indexed,Q21,django,0.69,0.0069,8
MySQL,indexed,Q21,sqlalchemy,0.3,0.003,8
MySQL,indexed,Q22,django,6.2,0.0602,8
MySQL,indexed,Q22,sqlalchemy,0.86,0.0086,8
MySQL,non-indexed,Q01,django,-0.74,-0.0074,8
MySQL,non-indexed,Q01,sqlalchemy,0.11,0.0011,8
MySQL,non-indexed,Q02,django,1.77,0.0176,8
MySQL,non-indexed,Q02,sqlalchemy,2.46,0.0243,8
MySQL,non-indexed,Q03,django,-0.11,-0.0011,8
MySQL,non-indexed,Q03,sqlalchemy,0.06,0.0006,8
MySQL,non-indexed,Q04,django,-0.13,-0.0013,8
MySQL,non-indexed,Q04,sqlalchemy,-0.04,-0.0004,8
MySQL,non-indexed,Q05,django,3.64,0.0357,8
MySQL,non-indexed,Q05,sqlalchemy,-0.09,-0.0009,8
MySQL,non-indexed,Q06,django,16.58,0.1534,8
MySQL,non-indexed,Q06,sqlalchemy,1.84,0.0183,8
MySQL,non-indexed,Q07,django,-12.15,-0.1295,8
MySQL,non-indexed,Q07,sqlalchemy,-0.22,-0.0022,8
MySQL,non-indexed,Q08,django,0.72,0.0072,8
MySQL,non-indexed,Q08,sqlalchemy,-0.15,-0.0015,8
MySQL,non-indexed,Q09,django,-3.26,-0.0331,8
MySQL,non-indexed,Q09,sqlalchemy,-0.0,-0.0,8
MySQL,non-indexed,Q10,django,-6.22,-0.0642,8
MySQL,non-indexed,Q10,sqlalchemy,-0.17,-0.0017,8
MySQL,non-indexed,Q11,django,-0.09,-0.0009,8
MySQL,non-indexed,Q11,sqlalchemy,0.01,0.0001,8
MySQL,non-indexed,Q12,django,-13.42,-0.1441,8
MySQL,non-indexed,Q12,sqlalchemy,0.15,0.0015,8
MySQL,non-indexed,Q13,sqlalchemy,0.02,0.0002,8
MySQL,non-indexed,Q14,django,0.88,0.0088,8
MySQL,non-indexed,Q14,sqlalchemy,0.51,0.0051,8
MySQL,non-indexed,Q15,django,101.37,0.7,8
MySQL,non-indexed,Q15,sqlalchemy,0.02,0.0002,8
MySQL,non-indexed,Q16,django,0.63,0.0062,8
MySQL,non-indexed,Q16,sqlalchemy,4.11,0.0403,8
MySQL,non-indexed,Q18,django,-9.33,-0.098,8
MySQL,non-indexed,Q18,sqlalchemy,-0.36,-0.0036,8
MySQL,non-indexed,Q19,django,2.3,0.0227,8
MySQL,non-indexed,Q19,sqlalchemy,-1.45,-0.0146,8
MySQL,non-indexed,Q21,django,-0.68,-0.0068,8
MySQL,non-indexed,Q21,sqlalchemy,-0.07,-0.0007,8
MySQL,non-indexed,Q22,django,1.9,0.0188,8
MySQL,non-indexed,Q22,sqlalchemy,0.22,0.0022,8
Oracle,indexed,Q01,django,13.06,0.1227,8
Oracle,indexed,Q01,sqlalchemy,15.92,0.1477,8
Oracle,indexed,Q02,django,197.84,1.0914,8
Oracle,indexed,Q02,sqlalchemy,65.65,0.5047,8
Oracle,indexed,Q03,django,-10.38,-0.1096,8
Oracle,indexed,Q03,sqlalchemy,2.9,0.0285,8
Oracle,indexed,Q04,django,-45.51,-0.6072,8
Oracle,indexed,Q04,sqlalchemy,1.14,0.0114,8
Oracle,indexed,Q05,django,-29.66,-0.3519,8
Oracle,indexed,Q05,sqlalchemy,1.16,0.0115,8
Oracle,indexed,Q06,django,-5.64,-0.058,8
Oracle,indexed,Q06,sqlalchemy,0.57,0.0057,8
Oracle,indexed,Q07,django,0.52,0.0052,8
Oracle,indexed,Q07,sqlalchemy,0.31,0.0031,8
Oracle,indexed,Q08,django,0.5,0.005,8
Oracle,indexed,Q08,sqlalchemy,-0.05,-0.0005,8
Oracle,indexed,Q09,django,75.62,0.5632,8
Oracle,indexed,Q09,sqlalchemy,1.77,0.0175,8
Oracle,indexed,Q10,django,0.36,0.0036,8
Oracle,indexed,Q10,sqlalchemy,3.39,0.0333,8
Oracle,indexed,Q11,django,76.06,0.5656,8
Oracle,indexed,Q11,sqlalchemy,79.13,0.5829,8
Oracle,indexed,Q12,django,-61.86,-0.964,8
Oracle,indexed,Q12,sqlalchemy,-62.7,-0.9861,8
Oracle,indexed,Q13,sqlalchemy,-2.16,-0.0218,8
Oracle,indexed,Q14,django,1.42,0.0141,8
Oracle,indexed,Q14,sqlalchemy,0.57,0.0057,8
Oracle,indexed,Q15,django,106.77,0.7265,8
Oracle,indexed,Q15,sqlalchemy,146.07,0.9005,8
Oracle,indexed,Q16,django,7.99,0.0768,8
Oracle,indexed,Q16,sqlalchemy,16.54,0.1531,8
Oracle,indexed,Q17,django,15.34,0.1427,8
Oracle,indexed,Q17,sqlalchemy,5.92,0.0575,8
Oracle,indexed,Q18,django,1.52,0.0151,8
Oracle,indexed,Q18,sqlalchemy,0.15,0.0015,8
Oracle,indexed,Q19,django,5.6,0.0545,8
Oracle,indexed,Q19,sqlalchemy,4.79,0.0467,8
Oracle,indexed,Q20,django,-76.4,-1.4441,8
Oracle,indexed,Q20,sqlalchemy,0.09,0.0009,8
Oracle,indexed,Q21,django,-11.56,-0.1229,8
Oracle,indexed,Q21,sqlalchemy,0.33,0.0033,8
Oracle,indexed,Q22,django,46.47,0.3817,8
Oracle,indexed,Q22,sqlalchemy,1.64,0.0163,8
Oracle,non-indexed,Q01,django,12.72,0.1198,8
Oracle,non-indexed,Q01,sqlalchemy,16.52,0.1529,8
Oracle,non-indexed,Q02,django,224.6,1.1774,8
Oracle,non-indexed,Q02,sqlalchemy,46.55,0.3822,8
Oracle,non-indexed,Q03,django,-10.77,-0.1139,8
Oracle,non-indexed,Q03,sqlalchemy,2.77,0.0274,8
Oracle,non-indexed,Q04,django,-42.3,-0.5499,8
Oracle,non-indexed,Q04,sqlalchemy,1.08,0.0107,8
Oracle,non-indexed,Q05,django,-26.02,-0.3014,8
Oracle,non-indexed,Q05,sqlalchemy,1.81,0.0179,8
Oracle,non-indexed,Q06,django,-5.78,-0.0595,8
Oracle,non-indexed,Q06,sqlalchemy,0.67,0.0067,8
Oracle,non-indexed,Q07,django,-0.56,-0.0056,8
Oracle,non-indexed,Q07,sqlalchemy,0.21,0.0021,8
Oracle,non-indexed,Q08,django,0.42,0.0042,8
Oracle,non-indexed,Q08,sqlalchemy,-0.1,-0.001,8
Oracle,non-indexed,Q09,django,72.89,0.5475,8
Oracle,non-indexed,Q09,sqlalchemy,1.37,0.0136,8
Oracle,non-indexed,Q10,django,0.59,0.0059,8
Oracle,non-indexed,Q10,sqlalchemy,3.1,0.0305,8
Oracle,non-indexed,Q11,django,76.34,0.5672,8
Oracle,non-indexed,Q11,sqlalchemy,76.66,0.569,8
Oracle,non-indexed,Q12,django,3.73,0.0366,8
Oracle,non-indexed,Q12,sqlalchemy,-2.63,-0.0267,8
Oracle,non-indexed,Q13,sqlalchemy,-2.08,-0.021,8
Oracle,non-indexed,Q14,django,1.23,0.0122,8
Oracle,non-indexed,Q14,sqlalchemy,0.6,0.006,8
Oracle,non-indexed,Q15,django,106.73,0.7263,8
Oracle,non-indexed,Q15,sqlalchemy,145.73,0.8991,8
Oracle,non-indexed,Q16,django,6.88,0.0665,8
Oracle,non-indexed,Q16,sqlalchemy,16.72,0.1546,8
Oracle,non-indexed,Q17,django,75799.7,6.632,8
Oracle,non-indexed,Q17,sqlalchemy,0.44,0.0044,8
Oracle,non-indexed,Q18,django,0.94,0.0093,8
Oracle,non-indexed,Q18,sqlalchemy,0.16,0.0016,8
Oracle,non-indexed,Q19,django,87.15,0.6268,8
Oracle,non-indexed,Q19,sqlalchemy,89.36,0.6385,8
Oracle,non-indexed,Q20,django,31103.35,5.7431,8
Oracle,non-indexed,Q20,sqlalchemy,0.05,0.0005,8
Oracle,non-indexed,Q21,django,-11.75,-0.125,8
Oracle,non-indexed,Q21,sqlalchemy,0.57,0.0057,8
Oracle,non-indexed,Q22,django,33.35,0.2878,8
Oracle,non-indexed,Q22,sqlalchemy,1.17,0.0117,8
PostgreSQL,indexed,Q01,django,0.04,0.0004,8
PostgreSQL,indexed,Q01,sqlalchemy,0.07,0.0007,8
PostgreSQL,indexed,Q02,django,-30.22,-0.3598,8
PostgreSQL,indexed,Q02,sqlalchemy,1.0,0.01,8
PostgreSQL,indexed,Q03,django,0.15,0.0015,8
PostgreSQL,indexed,Q03,sqlalchemy,0.04,0.0004,8
PostgreSQL,indexed,Q04,django,4.98,0.0486,8
PostgreSQL,indexed,Q04,sqlalchemy,0.03,0.0003,8
PostgreSQL,indexed,Q05,django,0.55,0.0054,8
PostgreSQL,indexed,Q05,sqlalchemy,0.67,0.0067,8
PostgreSQL,indexed,Q06,django,0.59,0.0059,8
PostgreSQL,indexed,Q06,sqlalchemy,0.48,0.0048,8
PostgreSQL,indexed,Q07,django,0.29,0.0029,8
PostgreSQL,indexed,Q07,sqlalchemy,0.74,0.0073,8
PostgreSQL,indexed,Q08,django,1.94,0.0192,8
PostgreSQL,indexed,Q08,sqlalchemy,0.76,0.0076,8
PostgreSQL,indexed,Q09,django,5.95,0.0578,8
PostgreSQL,indexed,Q09,sqlalchemy,0.09,0.0009,8
PostgreSQL,indexed,Q10,django,4.94,0.0482,8
PostgreSQL,indexed,Q10,sqlalchemy,-0.03,-0.0003,8
PostgreSQL,indexed,Q11,django,2.68,0.0264,8
PostgreSQL,indexed,Q11,sqlalchemy,3.34,0.0328,8
PostgreSQL,indexed,Q12,django,0.39,0.0039,8
PostgreSQL,indexed,Q12,sqlalchemy,0.16,0.0016,8
PostgreSQL,indexed,Q13,django,79.84,0.5869,8
PostgreSQL,indexed,Q13,sqlalchemy,0.06,0.0006,8
PostgreSQL,indexed,Q14,django,0.88,0.0088,8
PostgreSQL,indexed,Q14,sqlalchemy,0.68,0.0068,8
PostgreSQL,indexed,Q15,django,92.45,0.6547,8
PostgreSQL,indexed,Q15,sqlalchemy,0.17,0.0017,8
PostgreSQL,indexed,Q16,django,0.82,0.0082,8
PostgreSQL,indexed,Q16,sqlalchemy,2.48,0.0245,8
PostgreSQL,indexed,Q17,django,-58.4,-0.877,8
PostgreSQL,indexed,Q17,sqlalchemy,0.4,0.004,8
PostgreSQL,indexed,Q18,django,0.1,0.001,8
PostgreSQL,indexed,Q18,sqlalchemy,0.24,0.0024,8
PostgreSQL,indexed,Q19,django,6.17,0.0598,8
PostgreSQL,indexed,Q19,sqlalchemy,1.12,0.0111,8
PostgreSQL,indexed,Q20,django,0.67,0.0067,8
PostgreSQL,indexed,Q20,sqlalchemy,0.04,0.0004,8
PostgreSQL,indexed,Q21,django,1.22,0.0121,8
PostgreSQL,indexed,Q21,sqlalchemy,0.62,0.0062,8
PostgreSQL,indexed,Q22,django,41.99,0.3506,8
PostgreSQL,indexed,Q22,sqlalchemy,1.02,0.0102,8
PostgreSQL,non-indexed,Q01,django,0.08,0.0008,8
PostgreSQL,non-indexed,Q01,sqlalchemy,0.02,0.0002,8
PostgreSQL,non-indexed,Q02,django,-35.4,-0.4369,8
PostgreSQL,non-indexed,Q02,sqlalchemy,0.78,0.0078,8
PostgreSQL,non-indexed,Q03,django,0.1,0.001,8
PostgreSQL,non-indexed,Q03,sqlalchemy,0.08,0.0008,8
PostgreSQL,non-indexed,Q04,django,0.74,0.0073,8
PostgreSQL,non-indexed,Q04,sqlalchemy,-0.05,-0.0005,8
PostgreSQL,non-indexed,Q05,django,0.28,0.0028,8
PostgreSQL,non-indexed,Q05,sqlalchemy,0.03,0.0003,8
PostgreSQL,non-indexed,Q06,django,45.3,0.3736,8
PostgreSQL,non-indexed,Q06,sqlalchemy,-0.03,-0.0003,8
PostgreSQL,non-indexed,Q07,django,-0.01,-0.0001,8
PostgreSQL,non-indexed,Q07,sqlalchemy,-0.0,-0.0,8
PostgreSQL,non-indexed,Q08,django,0.52,0.0052,8
PostgreSQL,non-indexed,Q08,sqlalchemy,0.4,0.004,8
PostgreSQL,non-indexed,Q09,django,-4.91,-0.0503,8
PostgreSQL,non-indexed,Q09,sqlalchemy,0.04,0.0004,8
PostgreSQL,non-indexed,Q10,django,3.75,0.0368,8
PostgreSQL,non-indexed,Q10,sqlalchemy,0.23,0.0023,8
PostgreSQL,non-indexed,Q11,django,0.0,0.0,8
PostgreSQL,non-indexed,Q11,sqlalchemy,1.38,0.0137,8
PostgreSQL,non-indexed,Q12,django,-21.71,-0.2448,8
PostgreSQL,non-indexed,Q12,sqlalchemy,-0.26,-0.0026,8
PostgreSQL,non-indexed,Q13,sqlalchemy,0.16,0.0016,8
PostgreSQL,non-indexed,Q14,django,0.09,0.0009,8
PostgreSQL,non-indexed,Q14,sqlalchemy,0.01,0.0001,8
PostgreSQL,non-indexed,Q15,django,93.05,0.6578,8
PostgreSQL,non-indexed,Q15,sqlalchemy,0.27,0.0027,8
PostgreSQL,non-indexed,Q16,django,0.74,0.0074,8
PostgreSQL,non-indexed,Q16,sqlalchemy,1.85,0.0183,8
PostgreSQL,non-indexed,Q18,django,-0.59,-0.0059,8
PostgreSQL,non-indexed,Q18,sqlalchemy,0.06,0.0006,8
PostgreSQL,non-indexed,Q19,django,0.48,0.0048,8
PostgreSQL,non-indexed,Q19,sqlalchemy,-0.04,-0.0004,8
PostgreSQL,non-indexed,Q22,django,19.76,0.1803,8
PostgreSQL,non-indexed,Q22,sqlalchemy,0.94,0.0093,8
